Embedding,Question_type,Best@5,MRR@10,nDCG@10,Hit@5,Recall@10,num_chunks_retrieved_raw,num_chunks_retrieved_dedup,dedup_ratio
e5-large-v2,ALL,0.6919875130072841,0.676638711329138,0.40008065540512755,0.8381893860561914,0.20790842872008325,25.0,25.0,1.0
