Embedding,Question_type,Best@5,MRR@10,nDCG@10,Hit@5,Recall@10,num_chunks_retrieved_raw,num_chunks_retrieved_dedup,dedup_ratio
e5-large-v2,GQ,0.726,0.7212269841269842,0.4258200833463254,0.898,0.21880000000000002,25.0,25.0,1.0
e5-large-v2,MCQ,0.544,0.5038055555555555,0.37304569955156125,0.804,0.2544,25.0,25.0,1.0
e5-large-v2,T1,0.5743380855397149,0.5600475220638154,0.3200033379953384,0.6985743380855397,0.15560081466395112,25.0,25.0,1.0
e5-large-v2,T2,0.9582366589327146,0.9582366589327146,0.49280855982366756,0.9675174013921114,0.2009280742459397,25.0,25.0,1.0
