Embedding,Question_type,Best@1,Hit@1,Recall@1,Best@3,Hit@3,Recall@3,Best@5,Hit@5,Recall@5,Best@10,Hit@10,Recall@10,Best@25,Hit@25,Recall@25,MRR@10,nDCG@10,num_chunks_retrieved_raw,num_chunks_retrieved_dedup,dedup_ratio
e5-large-v2,ALL,0.6706555671175859,0.803850156087409,0.1607700312174818,0.8204994797086368,0.9266389177939646,0.31706555671175857,0.8782518210197711,0.959417273673257,0.4091571279916753,0.9297606659729448,0.9864724245577523,0.5355879292403747,0.9724245577523413,0.9973985431841832,0.6811654526534859,0.7589283649637447,0.6200151408430435,25.0,25.0,1.0
