Embedding,Question_type,Best@1,Hit@1,Recall@1,Best@3,Hit@3,Recall@3,Best@5,Hit@5,Recall@5,Best@10,Hit@10,Recall@10,Best@25,Hit@25,Recall@25,MRR@10,nDCG@10,num_chunks_retrieved_raw,num_chunks_retrieved_dedup,dedup_ratio
all-MiniLM-L6-v2,ALL,0.030697190426638918,0.08896982310093653,0.017793964620187307,0.08324661810613944,0.3600416233090531,0.08126951092611863,0.14203954214360043,0.4927159209157128,0.13007284079084286,0.25858480749219565,0.6701352757544224,0.2244536940686785,0.40426638917793967,0.8007284079084287,0.345681581685744,0.08371818377021291,0.1667266874560698,25.0,22.767429760665973,0.9106971904266389
