Embedding,Question_type,Best@5,MRR@10,nDCG@10,Hit@5,Recall@10,num_chunks_retrieved_raw,num_chunks_retrieved_dedup,dedup_ratio
e5-large-v2,ALL,0.22840790842872008,0.10251308987000973,0.2329146061342393,0.5718002081165453,0.281477627471384,25.0,25.0,1.0
