Embedding,Question_type,Best@5,MRR@10,nDCG@10,Hit@5,Recall@10,num_chunks_retrieved_raw,num_chunks_retrieved_dedup,dedup_ratio
e5-large-v2,ALL,0.7627471383975026,0.7066171976942008,0.448455562069278,0.8943808532778356,0.2746097814776275,50.0,50.0,1.0
