Embedding,Question_type,Best@5,MRR@10,nDCG@10,Hit@5,Recall@10,num_chunks_retrieved_raw,num_chunks_retrieved_dedup,dedup_ratio
e5-large-v2,GQ,0.24,0.11347936507936508,0.22077358151631166,0.56,0.2816,25.0,25.0,1.0
e5-large-v2,MCQ,0.152,0.0708952380952381,0.18806388800755777,0.566,0.24520000000000003,25.0,25.0,1.0
e5-large-v2,T1,0.22606924643584522,0.10161962952186984,0.2771870650364158,0.714867617107943,0.34826883910386963,25.0,25.0,1.0
e5-large-v2,T2,0.3851508120649652,0.15934795418554118,0.36168077494614576,0.7888631090487239,0.4018561484918794,25.0,25.0,1.0
