Embedding,Question_type,Best@5,MRR@10,nDCG@10,Hit@5,Recall@10,num_chunks_retrieved_raw,num_chunks_retrieved_dedup,dedup_ratio
e5-large-v2,ALL,0.7242455775234131,0.6392789009464347,0.5078508827411069,0.8132154006243496,0.43267429760665976,25.0,25.0,1.0
