Embedding,Question_type,Best@5,MRR@10,nDCG@10,Hit@5,Recall@10,num_chunks_retrieved_raw,num_chunks_retrieved_dedup,dedup_ratio
e5-large-v2,GQ,0.73,0.7219126984126985,0.42697505143916753,0.9,0.22080000000000002,50.0,50.0,1.0
e5-large-v2,MCQ,0.538,0.5032357142857142,0.3742627434409298,0.802,0.2576,50.0,50.0,1.0
e5-large-v2,T1,0.5743380855397149,0.5599683186241231,0.3200174482905046,0.6985743380855397,0.15560081466395112,50.0,50.0,1.0
e5-large-v2,T2,0.9582366589327146,0.9582366589327146,0.48986123364677786,0.9675174013921114,0.19675174013921115,50.0,50.0,1.0
