Embedding,Question_type,Best@5,MRR@10,nDCG@10,Hit@5,Recall@10,num_chunks_retrieved_raw,num_chunks_retrieved_dedup,dedup_ratio
e5-large-v2,ALL,0.6914672216441207,0.6766486216408173,0.40004040387744416,0.8381893860561914,0.20832466181061396,50.0,50.0,1.0
