Embedding,Question_type,Best@1,Hit@1,Recall@1,Best@3,Hit@3,Recall@3,Best@5,Hit@5,Recall@5,Best@10,Hit@10,Recall@10,Best@25,Hit@25,Recall@25,MRR@10,nDCG@10,num_chunks_retrieved_raw,num_chunks_retrieved_dedup,dedup_ratio
all-MiniLM-L6-v2,GQ,0.412,0.608,0.12160000000000001,0.69,0.852,0.2808,0.73,0.884,0.354,0.796,0.918,0.4612,0.822,0.938,0.5287999999999999,0.5614626984126984,0.5109323308221214,25.0,17.176,0.68704
all-MiniLM-L6-v2,MCQ,0.012,0.026,0.0052,0.256,0.426,0.08760000000000001,0.34,0.57,0.1396,0.486,0.73,0.2336,0.628,0.874,0.37360000000000004,0.17197301587301586,0.20052897719713303,25.0,25.0,1.0
all-MiniLM-L6-v2,T1,0.048879837067209775,0.08961303462321792,0.017922606924643585,0.45417515274949083,0.6232179226069247,0.13727087576374747,0.5560081466395111,0.7780040733197556,0.22158859470468434,0.7230142566191446,0.8859470468431772,0.3608961303462322,0.8289205702647657,0.9613034623217923,0.5429735234215887,0.2963033006821194,0.31904578406408635,25.0,24.462321792260692,0.9784928716904276
all-MiniLM-L6-v2,T2,0.013921113689095127,0.018561484918793503,0.0037122969837587007,0.6264501160092807,0.6983758700696056,0.1443155452436195,0.8167053364269141,0.8909512761020881,0.22412993039443158,0.9234338747099768,0.962877030162413,0.3665893271461717,0.974477958236659,0.9767981438515081,0.5104408352668214,0.37455713917430855,0.3458102485259857,25.0,24.73317865429234,0.9893271461716937
