Embedding,Question_type,Best@1,Hit@1,Recall@1,Best@3,Hit@3,Recall@3,Best@5,Hit@5,Recall@5,Best@10,Hit@10,Recall@10,Best@25,Hit@25,Recall@25,MRR@10,nDCG@10,num_chunks_retrieved_raw,num_chunks_retrieved_dedup,dedup_ratio
all-MiniLM-L6-v2,ALL,0.1259105098855359,0.1919875130072841,0.038397502601456815,0.5026014568158168,0.6482830385015609,0.16326742976066597,0.603537981269511,0.7767950052029137,0.2352757544224766,0.7252861602497399,0.8709677419354839,0.3551508844953174,0.8074921956295525,0.9360041623309053,0.48792924037460983,0.3504874634557257,0.3441344178458863,25.0,22.767429760665973,0.9106971904266389
