Embedding,Question_type,Best@1,Hit@1,Recall@1,Best@3,Hit@3,Recall@3,Best@5,Hit@5,Recall@5,Best@10,Hit@10,Recall@10,Best@25,Hit@25,Recall@25,MRR@10,nDCG@10,num_chunks_retrieved_raw,num_chunks_retrieved_dedup,dedup_ratio
text-embedding-3-large,ALL,0.015608740894901144,0.2460978147762747,0.049219562955254946,0.13111342351716962,0.46826222684703434,0.12247658688865765,0.20759625390218522,0.5806451612903226,0.17845993756503642,0.3231009365244537,0.7242455775234131,0.2753381893860562,0.46826222684703434,0.8506763787721123,0.4217481789802289,0.09673909452785623,0.22092326730363132,25.0,25.0,1.0
