Embedding,Question_type,Best@5,MRR@10,nDCG@10,Hit@5,Recall@10,num_chunks_retrieved_raw,num_chunks_retrieved_dedup,dedup_ratio
all-MiniLM-L6-v2,ALL,0.603537981269511,0.3504874634557257,0.3441344178458863,0.7767950052029137,0.3551508844953174,25.0,22.767429760665973,0.9106971904266389
