Embedding,Question_type,Best@1,Hit@1,Recall@1,Best@3,Hit@3,Recall@3,Best@5,Hit@5,Recall@5,Best@10,Hit@10,Recall@10,Best@25,Hit@25,Recall@25,MRR@10,nDCG@10,num_chunks_retrieved_raw,num_chunks_retrieved_dedup,dedup_ratio
text-embedding-3-large,ALL,0.5270551508844953,0.6925078043704475,0.1385015608740895,0.6685744016649323,0.803850156087409,0.27044745057232056,0.72840790842872,0.8428720083246618,0.34849115504682626,0.7965660770031218,0.9006243496357961,0.4622268470343392,0.872528616024974,0.9531737773152965,0.605098855359001,0.6111928711824653,0.5239977566591573,25.0,25.0,1.0
