Embedding,Question_type,retrieved_col_used,k_eval,Best@5,MRR@10,nDCG@10,Hit@5,Recall@10,num_chunks_retrieved_raw,num_chunks_retrieved_dedup,dedup_ratio
e5-large-v2,GQ,retrieved_chunk_ids_reranked,50,0.84,0.7578674603174603,0.6325572777044459,0.968,0.5328,200.0,10.0,0.05
e5-large-v2,MCQ,retrieved_chunk_ids_reranked,50,0.906,0.8840190476190476,0.6886066334823769,0.982,0.5628000000000001,200.0,10.0,0.05
e5-large-v2,T1,retrieved_chunk_ids_reranked,50,0.879837067209776,0.7533095723014257,0.5857053980721427,0.9327902240325866,0.5063136456211812,200.0,10.0,0.05
e5-large-v2,T2,retrieved_chunk_ids_reranked,50,0.9814385150812065,0.8555933046072257,0.6395674552524252,0.9907192575406032,0.540139211136891,200.0,10.0,0.05
