Embedding,Question_type,Best@5,MRR@10,nDCG@10,Hit@5,Recall@10,num_chunks_retrieved_raw,num_chunks_retrieved_dedup,dedup_ratio
e5-large-v2,ALL,0.7622268470343392,0.7067978544175214,0.4490396821773756,0.8933402705515089,0.2753381893860562,25.0,25.0,1.0
