Embedding,Question_type,Best@1,Hit@1,Recall@1,Best@3,Hit@3,Recall@3,Best@5,Hit@5,Recall@5,Best@10,Hit@10,Recall@10,Best@25,Hit@25,Recall@25,MRR@10,nDCG@10,num_chunks_retrieved_raw,num_chunks_retrieved_dedup,dedup_ratio
bge-large-en-v1.5,ALL,0.5624349635796045,0.7029136316337149,0.14058272632674296,0.6997918834547346,0.826222684703434,0.2724245577523413,0.7580645161290323,0.8720083246618107,0.3636836628511967,0.8303850156087409,0.9209157127991675,0.48033298647242456,0.9157127991675338,0.9765868886576483,0.627471383975026,0.6473204994797087,0.5438306405743318,25.0,25.0,1.0
