Embedding,Question_type,Best@1,Hit@1,Recall@1,Best@3,Hit@3,Recall@3,Best@5,Hit@5,Recall@5,Best@10,Hit@10,Recall@10,Best@25,Hit@25,Recall@25,MRR@10,nDCG@10,num_chunks_retrieved_raw,num_chunks_retrieved_dedup,dedup_ratio
bge-large-en-v1.5,ALL,0.01664932362122789,0.26586888657648283,0.053173777315296565,0.13579604578563995,0.49323621227887615,0.127159209157128,0.22580645161290322,0.6113423517169615,0.19240374609781477,0.3465140478668054,0.7481789802289281,0.2971904266389178,0.5124869927159209,0.8792924037460979,0.4496357960457857,0.10163375617329831,0.23712091727568282,25.0,25.0,1.0
