Embedding,Question_type,Best@5,MRR@10,nDCG@10,Hit@5,Recall@10,num_chunks_retrieved_raw,num_chunks_retrieved_dedup,dedup_ratio
all-MiniLM-L6-v2,ALL,0.1368366285119667,0.08182923707117255,0.16014882292876723,0.463579604578564,0.21446409989594173,25.0,22.654006243496358,0.9061602497398543
