Embedding,Question_type,Best@5,MRR@10,nDCG@10,Hit@5,Recall@10,num_chunks_retrieved_raw,num_chunks_retrieved_dedup,dedup_ratio
all-MiniLM-L6-v2,GQ,0.29,0.18703095238095238,0.24888118992457428,0.594,0.2772,25.0,17.176,0.68704
all-MiniLM-L6-v2,MCQ,0.046,0.02567936507936508,0.059649608303640876,0.186,0.0888,25.0,24.564,0.98256
all-MiniLM-L6-v2,T1,0.13034623217922606,0.06352600782336017,0.17363055406058117,0.539714867617108,0.2525458248472505,25.0,24.462321792260692,0.9784928716904276
all-MiniLM-L6-v2,T2,0.07192575406032482,0.04577578904725076,0.15844091997966972,0.5475638051044084,0.24408352668213457,25.0,24.73317865429234,0.9893271461716937
