Embedding,Question_type,Best@5,MRR@10,nDCG@10,Hit@5,Recall@10,num_chunks_retrieved_raw,num_chunks_retrieved_dedup,dedup_ratio
all-MiniLM-L6-v2,ALL,0.5478668054110302,0.3230790512528286,0.3163606496294067,0.6956295525494277,0.32570239334027057,25.0,22.654006243496358,0.9061602497398543
