Embedding,Question_type,Best@5,MRR@10,nDCG@10,Hit@5,Recall@10,num_chunks_retrieved_raw,num_chunks_retrieved_dedup,dedup_ratio
bge-large-en-v1.5,GQ,0.25,0.12236746031746032,0.23813403062752464,0.614,0.3048,25.0,25.0,1.0
bge-large-en-v1.5,MCQ,0.05,0.031316666666666666,0.06939219630979226,0.208,0.09,25.0,25.0,1.0
bge-large-en-v1.5,T1,0.12627291242362526,0.07647496201467689,0.18877228595290918,0.48879837067209775,0.24765784114052955,25.0,25.0,1.0
bge-large-en-v1.5,T2,0.37587006960556846,0.13395297020587044,0.33762738466972153,0.7865429234338747,0.39071925754060327,25.0,25.0,1.0
