Embedding,Question_type,Best@5,MRR@10,nDCG@10,Hit@5,Recall@10,num_chunks_retrieved_raw,num_chunks_retrieved_dedup,dedup_ratio
e5-large-v2,GQ,0.722,0.718388888888889,0.415566124629879,0.888,0.19920000000000002,25.0,25.0,1.0
e5-large-v2,MCQ,0.492,0.48156507936507936,0.32929614717035294,0.762,0.1864,25.0,25.0,1.0
e5-large-v2,T1,0.5519348268839104,0.5522427504606731,0.31025582576483135,0.6639511201629328,0.14338085539714868,25.0,25.0,1.0
e5-large-v2,T2,0.9582366589327146,0.9582366589327146,0.49280855982366756,0.9675174013921114,0.2009280742459397,25.0,25.0,1.0
