Embedding,Question_type,Best@5,MRR@10,nDCG@10,Hit@5,Recall@10,num_chunks_retrieved_raw,num_chunks_retrieved_dedup,dedup_ratio
e5-large-v2,GQ,0.844,0.7746103174603175,0.6342925231700095,0.958,0.5332,10.0,10.0,1.0
e5-large-v2,MCQ,0.822,0.6332563492063492,0.6012853051921169,0.954,0.5624,10.0,10.0,1.0
e5-large-v2,T1,0.8716904276985743,0.6846466556751689,0.558589907677475,0.9368635437881874,0.5059063136456212,10.0,10.0,1.0
e5-large-v2,T2,0.9930394431554525,0.9734145398298532,0.6957374520437858,0.9930394431554525,0.5406032482598608,10.0,10.0,1.0
