Embedding,Question_type,Best@5,MRR@10,nDCG@10,Hit@5,Recall@10,num_chunks_retrieved_raw,num_chunks_retrieved_dedup,dedup_ratio
bge-large-en-v1.5,ALL,0.22580645161290322,0.10163375617329831,0.23712091727568282,0.6113423517169615,0.2971904266389178,25.0,25.0,1.0
