Embedding,Question_type,Best@5,MRR@10,nDCG@10,Hit@5,Recall@10,num_chunks_retrieved_raw,num_chunks_retrieved_dedup,dedup_ratio
e5-large-v2,ALL,0.6909469302809573,0.6766616289248963,0.4002938360916302,0.8376690946930281,0.2085327783558793,10.0,10.0,1.0
