Embedding,Question_type,Best@5,MRR@10,nDCG@10,Hit@5,Recall@10,num_chunks_retrieved_raw,num_chunks_retrieved_dedup,dedup_ratio
e5-large-v2,GQ,0.728,0.7216626984126985,0.4262543660676818,0.898,0.21960000000000002,10.0,10.0,1.0
e5-large-v2,MCQ,0.538,0.5032912698412698,0.3735143857471919,0.802,0.256,10.0,10.0,1.0
e5-large-v2,T1,0.5743380855397149,0.5602172437202987,0.3200884710710435,0.6985743380855397,0.15560081466395112,10.0,10.0,1.0
e5-large-v2,T2,0.9582366589327146,0.9582366589327146,0.4926147047907056,0.9675174013921114,0.2009280742459397,10.0,10.0,1.0
