Embedding,Question_type,Best@5,MRR@10,nDCG@10,Hit@5,Recall@10,num_chunks_retrieved_raw,num_chunks_retrieved_dedup,dedup_ratio
all-MiniLM-L6-v2,ALL,0.14203954214360043,0.08371818377021291,0.1667266874560698,0.4927159209157128,0.2244536940686785,25.0,22.767429760665973,0.9106971904266389
