Embedding,Question_type,Best@5,MRR@10,nDCG@10,Hit@5,Recall@10,num_chunks_retrieved_raw,num_chunks_retrieved_dedup,dedup_ratio
e5-large-v2,ALL,0.6696149843912591,0.6679878350924137,0.38346374383741183,0.8152965660770031,0.18220603537981273,10.0,10.0,1.0
