Embedding,Question_type,Best@1,Hit@1,Recall@1,Best@3,Hit@3,Recall@3,Best@5,Hit@5,Recall@5,Best@10,Hit@10,Recall@10,Best@25,Hit@25,Recall@25,MRR@10,nDCG@10,num_chunks_retrieved_raw,num_chunks_retrieved_dedup,dedup_ratio
e5-large-v2,ALL,0.011446409989594173,0.3022892819979188,0.060457856399583766,0.1529656607700312,0.5395421436004162,0.1474505723204995,0.2460978147762747,0.6524453694068678,0.2121748178980229,0.35744016649323623,0.7830385015608741,0.31612903225806455,0.5338189386056191,0.9073881373569199,0.4740894901144641,0.10965739226665346,0.25827367205858676,25.0,25.0,1.0
