Embedding,Question_type,Best@1,Hit@1,Recall@1,Best@3,Hit@3,Recall@3,Best@5,Hit@5,Recall@5,Best@10,Hit@10,Recall@10,Best@25,Hit@25,Recall@25,MRR@10,nDCG@10,num_chunks_retrieved_raw,num_chunks_retrieved_dedup,dedup_ratio
e5-large-v2,GQ,0.014,0.19,0.038,0.16,0.436,0.11320000000000001,0.24,0.56,0.1704,0.354,0.734,0.2816,0.57,0.902,0.4688,0.11347936507936508,0.22077358151631166,25.0,25.0,1.0
e5-large-v2,MCQ,0.014,0.206,0.0412,0.082,0.42,0.09960000000000001,0.152,0.566,0.1544,0.252,0.732,0.24520000000000003,0.436,0.886,0.39840000000000003,0.0708952380952381,0.18806388800755777,25.0,25.0,1.0
e5-large-v2,T1,0.016293279022403257,0.34012219959266804,0.0680244399185336,0.12627291242362526,0.5967413441955194,0.1560081466395112,0.22606924643584522,0.714867617107943,0.22932790224032587,0.34826883910386963,0.8431771894093686,0.34826883910386963,0.5539714867617108,0.9470468431771895,0.5425661914460286,0.10161962952186984,0.2771870650364158,25.0,25.0,1.0
e5-large-v2,T2,0.0,0.5011600928074246,0.10023201856148492,0.25754060324825984,0.7331786542923434,0.23294663573085847,0.3851508120649652,0.7888631090487239,0.30812064965197217,0.494199535962877,0.8306264501160093,0.4018561484918794,0.5823665893271461,0.8932714617169374,0.4900232018561485,0.15934795418554118,0.36168077494614576,25.0,25.0,1.0
